id,percent_change_24h,percent_change_7d
royalties,-9.06,-99.59
flappycoin,-95.85,-96.61
credence-coin,-94.22,-95.31
cagecoin,-36.26,-92.68
tyrocoin,-79.02,-87.43
electra,-40.59,-81.29
jetcoin,-36.03,-80.66
everus,-21.99,-76.86
ether-for-the-rest-of-the-world,-3.05,-75.03
landcoin,-52.11,-73.62
leviarcoin,-47.57,-71.7
bitok,-74.37,-71.67
falcoin,0.99,-71.64
minex,28.21,-70.39
zeitcoin,-24.9,-70.27
ecocoin,-10.16,-66.91
ulatech,29.06,-64.39
runners,-46.85,-62.83
futurexe,114.71,-62.62
b3coin,17.28,-62.41
piggycoin,-2.96,-62.11
coupecoin,-93.93,-61.24
mywish,-4.13,-60.0
hyper-tv,36.07,-59.64
shadow-token,-61.4,-59.05
egold,-3.33,-57.35
primulon,-41.36,-57.31
monkey-project,-26.92,-56.88
putincoin,-5.12,-55.35
allsafe,-1.56,-54.99
healthywormcoin,-1.12,-54.48
tellurion,-63.75,-52.59
plexcoin,-12.23,-52.4
aerium,98.25,-52.0
808coin,27.29,-51.14
mercury-protocol,-21.8,-50.14
sacoin,-31.26,-49.24
techshares,-35.09,-48.93
environ,-0.02,-47.88
bunnycoin,-19.69,-47.88
macron,-10.59,-47.77
kilocoin,-3.37,-47.03
publica,-4.99,-46.22
clubcoin,-21.09,-45.88
natcoin,40.78,-45.61
t-coin,-1.19,-44.79
cash-poker-pro,-3.33,-44.7
gameunits,-0.53,-44.35
bitcore,-21.11,-44.18
centurion,13.81,-43.58
gbcgoldcoin,13.78,-43.3
pinkdog,3.71,-42.7
sprouts,-2.5,-42.66
universal-currency,-48.96,-42.53
infinitecoin,-10.06,-42.44
goldunioncoin,20.29,-42.37
birds,10.62,-42.1
musiconomi,-6.88,-41.52
bitcoin2x,56.64,-41.11
zengold,-24.65,-41.03
agrello-delta,-20.49,-40.85
digital-developers-fund,-20.99,-40.21
autonio,-27.34,-39.48
torcoin-tor,-30.88,-39.45
royal-kingdom-coin,-29.21,-39.42
ambercoin,-5.72,-38.95
open-trading-network,-16.2,-38.72
gimli,38.1,-37.92
xde-ii,6.85,-37.69
digital-rupees,6.27,-37.65
macro1,6.3,-37.57
sisa,-31.05,-37.47
truckcoin,-31.89,-37.46
mincoin,-9.85,-37.37
infinity-pay,-3.33,-36.77
billarycoin,7.85,-35.84
ties-network,-0.5,-35.53
socialcoin-socc,-34.27,-35.1
internet-of-things,-10.0,-34.55
crypto,3.58,-34.47
tracto,-8.2,-34.29
sugar-exchange,6.7,-34.09
reecoin,-0.56,-32.91
flixxo,-9.58,-32.76
swapcoin,6.23,-32.69
mooncoin,-41.32,-32.67
upfiring,-5.45,-32.44
infinity-economics,9.23,-32.44
russiacoin,-8.89,-32.28
phantomx,-25.71,-31.83
chips,-1.54,-31.8
metaverse,-9.86,-31.57
qash,-0.07,-31.5
b2bx,0.45,-31.37
nolimitcoin,-6.69,-31.0
opus,-28.27,-30.67
bitcoin-diamond,-20.41,-30.47
bitdeal,-3.85,-30.43
blockmason,-12.47,-30.06
raiden-network-token,-14.16,-29.9
halloween-coin,6.27,-29.79
bt2-cst,-21.61,-29.77
qvolta,5.7,-29.7
1337coin,4.12,-29.59
regacoin,-29.13,-29.51
roofs,-0.18,-29.5
ereal,11.45,-29.25
anryze,7.34,-29.16
paycon,-31.74,-29.14
espers,-9.17,-29.09
remicoin,33.23,-28.35
tokencard,7.27,-28.35
zayedcoin,-12.85,-28.14
ethbits,-27.79,-28.11
obsidian,-14.04,-27.99
tristar-coin,-0.42,-27.99
shellcoin,0.73,-27.84
neverdie,-8.33,-27.82
qubitcoin,7.19,-27.73
bitcoincashscrypt,-37.39,-27.69
goldreserve,9.53,-27.62
etherdoge,-8.38,-27.59
cubits,-28.76,-27.56
shield-xsh,1.07,-27.45
helleniccoin,-0.04,-27.25
ibtc,39.24,-27.21
onix,-15.72,-26.61
briacoin,-0.46,-26.58
dpay,5.09,-26.37
cthulhu-offerings,4.1,-26.19
300-token,11.15,-26.0
cryptogenic-bullion,0.28,-25.94
fundyourselfnow,-9.09,-25.54
prospectors-gold,6.27,-25.54
eusd,-58.89,-25.5
emerald,-20.16,-25.42
starcash-network,4.2,-25.28
topcoin,-18.5,-25.28
happycoin,-22.05,-24.16
namocoin,6.56,-24.13
emphy,4.41,-24.13
eternity,2.62,-23.9
adcoin,10.08,-23.8
lanacoin,-21.62,-23.74
enigma,-20.54,-23.56
chronobank,-9.41,-23.32
oxycoin,6.49,-23.17
postcoin,1.44,-23.16
cryptojacks,-11.64,-23.02
ebitcoin-cash,37.27,-22.99
ultracoin,-18.31,-22.98
cachecoin,14.95,-22.96
bitgem,-16.77,-22.92
mybit-token,42.57,-22.9
swisscoin,4.39,-22.84
incakoin,3.72,-22.73
vault-coin,-12.36,-22.62
mothership,-3.61,-22.6
daxxcoin,2.29,-22.56
plncoin,6.27,-22.41
etheroll,-9.13,-22.32
animecoin,-46.85,-22.07
buzzcoin,-10.44,-21.77
acoin,-19.88,-21.61
fonziecoin,-11.42,-21.42
embercoin,-32.97,-21.21
vulcano,-23.87,-21.16
cyder,6.27,-21.15
attention-token-of-media,-14.05,-20.48
iticoin,-12.04,-20.25
rsgpcoin,3.9,-20.18
peerplays-ppy,6.32,-20.11
xplay,-1.2,-19.92
tittiecoin,11.93,-19.25
platinumbar,-5.11,-19.05
gxshares,-8.29,-19.0
master-swiscoin,-4.96,-18.98
credo,-4.28,-18.92
anarchistsprime,10.9,-18.92
exchange-union,3.52,-18.61
netko,-3.79,-18.52
bitsoar,1.39,-18.49
fucktoken,7.83,-18.37
airtoken,-6.36,-18.36
magnet,-22.9,-18.32
leacoin,1.09,-18.27
dutch-coin,-8.47,-18.22
hshare,-9.33,-18.18
ccminer,-45.83,-18.02
ethbet,-12.99,-18.02
supernet-unity,-6.39,-17.98
adshares,-10.73,-17.94
theresa-may-coin,13.75,-17.93
rabbitcoin,-8.16,-17.81
paycoin2,21.36,-17.77
abjcoin,-54.1,-17.73
aidos-kuneen,7.57,-17.72
clearpoll,-0.22,-17.54
bastonet,-11.44,-17.5
lampix,-11.64,-17.48
dfscoin,9.45,-17.38
10mtoken,200.74,-17.2
privatix,0.64,-17.16
dcorp,-2.62,-17.08
real-estate-tokens,41.09,-17.05
karbowanec,-6.22,-17.02
psilocybin,-0.72,-16.79
network-token,-28.49,-16.68
prototanium,5.64,-16.67
bitcoin-unlimited,17.22,-16.62
novacoin,1.04,-16.49
universalroyalcoin,3.01,-16.43
luna-coin,4.7,-16.3
yashcoin,-13.24,-16.23
megacoin,-26.51,-16.2
hodlcoin,15.97,-16.17
qtum,-9.85,-16.12
brat,9.59,-16.02
msd,-8.61,-15.8
deuscoin,-16.04,-15.79
aeron,1.77,-15.64
neutron,-19.59,-15.64
artex-coin,10.09,-15.4
kibicoin,-57.51,-15.32
smileycoin,-3.11,-15.27
facecoin,-3.33,-15.15
mintcoin,13.56,-15.1
billionaire-token,2.96,-15.05
milocoin,-14.8,-14.98
ripple,-3.7,-14.79
copico,0.43,-14.79
win-coin,-3.9,-14.71
impact,112.55,-14.65
amsterdamcoin,20.4,-14.3
skincoin,10.65,-14.24
grid,-3.27,-14.2
betacoin,8.08,-14.13
ormeus-coin,-0.76,-14.08
destiny,14.65,-14.08
triaconta,-13.38,-14.04
iocoin,-3.33,-13.95
red-pulse,-16.28,-13.82
amber,-5.85,-13.74
modum,-2.01,-13.65
fincoin,-3.94,-13.64
centra,-10.28,-13.47
universe,-5.6,-13.45
target-coin,-17.83,-13.45
women,-14.03,-13.38
akuya-coin,-2.49,-13.3
sumokoin,-0.02,-13.25
trollcoin,-17.55,-12.9
terranova,-2.22,-12.83
bitquark,10.74,-12.82
quantum,-3.54,-12.74
gulfcoin,14.79,-12.65
coinonatx,-5.68,-12.64
bodhi,-7.1,-12.6
everex,-3.43,-12.54
equitrader,4.73,-12.43
lykke,-0.14,-12.14
braincoin,10.7,-12.03
peercoin,-11.85,-12.0
phore,21.53,-11.82
icos,12.33,-11.79
songcoin,36.66,-11.77
hedge,-0.92,-11.72
abncoin,-4.4,-11.69
stronghands,-3.37,-11.54
zsecoin,3.85,-11.44
piplcoin,-17.42,-11.3
bitcoin-gold,-8.65,-11.24
coinonat,21.56,-11.19
alpacoin,-3.42,-11.15
unity-ingot,4.27,-11.0
hodl-bucks,28.72,-10.76
aeon,-10.62,-10.76
kingn-coin,6.32,-10.74
worldcoin,-15.46,-10.57
decred,-10.74,-10.55
arcticcoin,-2.55,-10.51
iquant,5.34,-10.5
arcade-token,2.3,-10.37
cycling-coin,14.49,-10.34
dimoncoin,-3.33,-10.31
funcoin,6.44,-10.29
aragon,-10.66,-10.06
bitcloud,-0.37,-10.02
moeda-loyalty-points,-6.41,-9.88
avoncoin,-20.29,-9.72
yocoin,-30.47,-9.71
intelligent-trading-tech,-0.91,-9.68
magnum,-11.44,-9.66
rialto,-7.62,-9.62
incent,-4.01,-9.42
atbcoin,-9.55,-9.28
bitcoinz,-2.97,-9.1
triangles,6.19,-8.88
suretly,-7.0,-8.85
asch,-3.79,-8.84
agrolifecoin,-20.79,-8.79
creditbit,2.6,-8.78
rupaya-old,44.66,-8.77
feathercoin,-11.53,-8.73
crevacoin,-5.46,-8.59
jewels,-0.55,-8.57
maecenas,-7.19,-8.45
quantstamp,-9.44,-8.44
cardano,-5.8,-8.25
firecoin,4.43,-7.91
tron,5.53,-7.85
ethereum-classic,-3.47,-7.7
octanox,-21.97,-7.69
firstblood,-11.93,-7.66
aion,15.33,-7.58
melon,-6.7,-7.44
trueflip,-16.51,-7.35
ethereum,-3.93,-7.33
corion,2.14,-7.31
donationcoin,23.68,-7.14
paypie,-8.08,-6.97
fantomcoin,12.54,-6.92
gas,-8.81,-6.76
giga-watt-token,-6.29,-6.7
blazercoin,0.57,-6.45
triggers,-5.06,-6.28
sharkcoin,-2.86,-6.13
asiadigicoin,-4.73,-5.96
phoenixcoin,21.55,-5.96
dao-casino,0.33,-5.84
ea-coin,17.36,-5.61
harmonycoin-hmc,7.84,-5.5
grimcoin,9.57,-5.5
adzcoin,-3.42,-5.49
footy-cash,35.87,-5.48
toacoin,7.74,-5.48
condensate,40.6,-5.24
zrcoin,-5.51,-5.17
doubloon,-7.94,-5.14
energo,-0.32,-5.01
goldcoin,-0.47,-4.99
digixdao,-11.71,-4.99
wearesatoshi,6.27,-4.9
smartbillions,0.05,-4.89
renos,10.56,-4.87
compucoin,-8.29,-4.8
signatum,4.92,-4.8
bitcoin-cash,-5.51,-4.75
president-johnson,2.1,-4.62
e-coin,-22.26,-4.55
hubii-network,15.87,-4.47
dovu,-2.68,-4.41
ug-token,-3.58,-4.41
prizm,3.93,-4.35
netcoin,-5.84,-4.29
vibe,-5.82,-4.06
ethos,-4.9,-3.88
woodcoin,6.35,-3.85
futcoin,6.31,-3.78
change,-9.01,-3.72
fastcoin,12.79,-3.55
procurrency,-6.12,-3.38
zcash-gold,8.62,-3.22
freicoin,-22.04,-3.09
real,-0.54,-3.07
mazacoin,-3.21,-3.01
poly-ai,3.44,-2.97
tierion,-8.46,-2.94
firstcoin,0.24,-2.91
pirate-blocks,12.95,-2.55
nevacoin,-7.61,-2.48
tenx,-8.19,-2.45
social,21.04,-2.43
stox,0.77,-2.41
smartcash,2.44,-2.28
eurocoin,11.49,-2.27
hobonickels,9.74,-2.26
bitpark-coin,7.41,-2.24
zcash,9.0,-2.2
nubits,-1.77,-2.2
hawla-today,-9.77,-1.95
maker,-1.04,-1.9
decent-bet,-1.75,-1.81
starta,-8.88,-1.6
domraider,-4.37,-1.6
elastic,-13.6,-1.57
first-bitcoin,-4.52,-1.55
gaia,7.37,-1.5
adx-net,-8.37,-1.49
jobscoin,-8.82,-1.43
casinocoin,0.68,-1.42
nvo,50.25,-1.36
revolvercoin,2.49,-1.35
cabbage,-6.98,-1.35
project-x,23.99,-1.08
popularcoin,-24.49,-0.77
taas,3.0,-0.73
ebittree-coin,-12.57,-0.73
blackmoon-crypto,2.37,-0.71
bancor,-7.5,-0.61
paragon,-6.44,-0.57
argentum,-6.53,-0.54
grantcoin,-0.53,-0.34
gamecredits,-6.22,-0.34
ebtc,-51.13,-0.32
huntercoin,-1.54,-0.23
latoken,3.75,-0.11
tether,-0.07,-0.06
wowecoin,0.0,-0.0
byteball,-2.78,0.04
ox-fina,-4.05,0.15
pascal-coin,-2.91,0.15
bitbase,-32.81,0.16
neo,-7.28,0.2
wild-crypto,-30.6,0.22
singulardtv,-12.46,0.42
zencash,-8.47,0.42
evotion,4.69,0.46
aeternity,-7.03,0.52
basic-attention-token,-5.5,0.59
hush,7.59,0.61
blocknet,-8.76,0.64
pulse,12.94,0.7
droxne,-1.32,0.76
factom,-2.74,0.83
visio,-18.12,0.85
luckchain,29.43,0.88
bitcoindark,-6.33,0.89
bitqy,-13.16,0.91
paccoin,-3.88,1.0
htmlcoin,-35.51,1.07
bitcoin-plus,-4.53,1.14
rubies,-8.4,1.2
parallelcoin,17.76,1.39
xonecoin,4.65,1.39
blockv,-12.98,1.41
korecoin,-3.16,1.46
prcoin,0.28,1.48
unrealcoin,3.67,1.51
segwit2x,0.91,1.54
gcoin,-10.87,1.6
trackr,-8.3,1.63
zilbercoin,2.26,1.7
nexium,0.27,1.73
audiocoin,-1.42,1.73
mtmgaming,1.12,1.74
sexcoin,-10.65,1.76
the-champcoin,7.02,1.77
interstellar-holdings,-1.36,1.95
komodo,-10.03,2.02
unitus,1.97,2.04
biobar,6.27,2.05
dent,1.7,2.07
eltc,10.21,2.07
gold-pressed-latinum,-2.96,2.07
bitusd,1.67,2.21
biteur,1.97,2.41
pillar,-5.08,2.42
energycoin,4.93,2.46
blockcat,-0.25,2.51
musicoin,-0.48,2.52
das,-0.89,2.59
0x,1.03,2.62
smartcoin,1.65,2.89
zennies,10.85,2.89
chronos,13.08,2.9
decent,-14.89,2.92
sterlingcoin,-4.59,3.02
particl,-0.25,3.03
cybcsec,-13.05,3.06
colossuscoinxt,29.76,3.14
pascal-lite,19.79,3.15
quazarcoin,4.91,3.23
iconomi,-4.75,3.25
qwark,-2.35,3.27
bitsilver,6.04,3.27
blitzcash,-1.98,3.38
eccoin,6.31,3.45
mysterium,-8.53,3.49
golem-network-tokens,-6.03,3.53
bitbay,-14.3,3.57
bitgold,5.37,3.57
gulden,6.42,3.63
litecoin,0.8,3.68
kayicoin,41.9,3.69
bitboost,0.54,3.75
dubstep,0.99,3.81
omisego,-8.06,3.93
bitalphacoin,0.07,4.09
veriumreserve,-0.74,4.1
leocoin,3.56,4.11
dollar-online,22.19,4.16
encryptotel,-30.02,4.17
tajcoin,6.01,4.2
adtoken,-1.86,4.21
pabyosi-coin-special,7.32,4.27
cindicator,-0.63,4.36
accelerator-network,-4.57,4.39
quatloo,-13.56,4.41
funfair,-7.51,4.43
veltor,-20.0,4.44
rasputin-online-coin,-0.94,4.49
scorecoin,20.04,4.51
e-dinar-coin,2.78,4.58
vericoin,-7.02,4.63
minereum,-4.22,4.7
litedoge,6.06,4.7
eboostcoin,-2.76,4.74
lunyr,-4.85,4.77
martexcoin,2.12,4.85
fapcoin,26.66,4.95
breakout,-2.98,5.03
astro,0.46,5.11
decision-token,-8.24,5.13
ripio-credit-network,-9.11,5.16
rupaya,73.36,5.39
rcoin,6.31,5.41
influxcoin,3.03,5.54
databits,-3.54,5.63
cofound-it,-16.88,5.67
sphre-air,13.17,5.71
patientory,-12.59,5.77
primecoin,-3.58,5.82
deutsche-emark,4.08,5.88
bitcny,3.01,5.9
ecobit,2.29,5.94
bnrtxcoin,-5.31,5.97
tigercoin,8.74,5.97
kickico,3.56,6.0
bitstar,-4.12,6.04
bestchain,15.93,6.11
aricoin,-8.92,6.12
mmxvi,9.8,6.12
cvcoin,7.91,6.17
spreadcoin,-8.61,6.17
blazecoin,-7.13,6.33
roulettetoken,5.62,6.47
fargocoin,0.63,6.5
international-diamond,28.65,6.66
bitvolt,38.77,6.66
pluscoin,9.56,6.66
todaycoin,18.12,6.76
innova,-7.87,6.79
edrcoin,9.97,6.79
quark,7.65,6.81
starcredits,0.9,6.83
unikoin-gold,0.37,6.92
district0x,-10.68,7.04
solarflarecoin,-22.27,7.06
oax,0.39,7.08
cheapcoin,6.31,7.08
civic,-12.84,7.18
europecoin,0.77,7.21
coimatic-3,-2.41,7.29
myriad,-1.34,7.29
legends-room,2.44,7.32
atmos,10.34,7.38
eltcoin,14.8,7.41
mergecoin,-1.43,7.41
reddcoin,-7.06,7.51
evergreencoin,-1.81,7.52
blockchain-index,-2.58,7.53
cryptoworldx-token,6.29,7.77
clams,5.4,7.84
beavercoin,7.48,7.87
dentacoin,9.02,7.91
geocoin,-7.91,8.04
metal,-11.57,8.17
chancoin,8.46,8.18
pesetacoin,0.55,8.27
purevidz,-6.32,8.3
gaycoin,-17.08,8.37
zephyr,21.75,8.39
library-credit,-14.17,8.39
bubble,-17.62,8.43
speedcash,2.94,8.47
ratecoin,8.48,8.52
flash,6.31,8.54
omicron,0.89,8.59
enjin-coin,-1.23,8.63
gridcoin,4.11,8.67
maxcoin,5.3,8.84
unicoin,-3.07,9.09
bitshares,9.2,9.18
cloakcoin,4.7,9.2
rlc,-17.26,9.23
mojocoin,-12.82,9.26
safecoin,-1.12,9.27
synereo,-11.89,9.34
spectrecoin,8.38,9.35
miners-reward-token,-1.25,9.39
guncoin,4.31,9.46
primalbase,-5.47,9.47
dogecoin,-0.81,9.49
swagbucks,5.21,9.53
substratum,0.48,9.55
wings,-0.75,9.59
dibcoin,-5.9,9.66
digipulse,5.18,9.68
propy,0.71,9.77
joincoin,75.41,9.8
elysium,-3.68,9.87
rimbit,2.91,9.94
expanse,-6.57,10.02
soarcoin,3.79,10.18
smart-investment-fund-token,-3.31,10.26
apx,-3.95,10.31
cybercoin,-0.03,10.43
allion,11.71,10.46
adelphoi,25.5,10.48
digicube,-0.0,10.51
zeusshield,-1.14,10.53
dash,-3.31,10.64
magi,3.8,10.78
radium,-12.55,10.95
mobilego,-4.89,11.08
quotient,2.57,11.09
power-ledger,-6.72,11.15
zclassic,3.48,11.2
high-gain,43.61,11.22
cashme,0.77,11.23
viberate,-12.59,11.39
flaxscript,32.83,11.4
airswap,-2.2,11.43
atmcoin,2.75,11.52
eot-token,1.63,11.54
antibitcoin,-8.19,11.57
zcoin,20.4,11.6
farad,-3.76,11.68
bt1-cst,5.42,11.81
vpncoin,-12.77,11.82
litebar,-13.01,11.83
breakout-stake,-2.04,11.95
digitalnote,-4.65,12.15
zetacoin,10.65,12.2
zoin,-2.53,12.22
sonm,0.19,12.28
moin,2.76,12.34
neo-gold,1.33,12.36
crave,7.83,12.43
batcoin,8.22,12.47
faircoin,-3.45,12.47
icon,10.11,12.51
quantum-resistant-ledger,-2.55,12.59
draftcoin,5.1,12.61
bitasean,-14.69,12.75
sync,70.1,12.79
aquariuscoin,21.31,12.82
8bit,1.76,12.89
boostcoin,32.51,12.89
life,-1.86,12.9
goodomy,-27.44,13.0
augur,-7.71,13.02
thegcccoin,7.33,13.11
digibyte,-4.95,13.21
golos-gold,-1.03,13.24
prime-xi,7.11,13.27
9coin,30.47,13.28
digital-money-bits,3.81,13.28
growers-international,-4.1,13.33
startcoin,-2.14,13.35
gnosis-gno,-8.57,13.35
interzone,38.49,13.45
vivo,19.96,13.58
save-and-gain,112.59,13.79
florincoin,2.29,13.81
kucoin-shares,-4.96,13.97
protean,20.87,14.0
kyber-network,-9.24,14.04
rublebit,-1.89,14.1
genstake,3.72,14.16
rubycoin,-5.94,14.37
ego,6.31,14.48
nem,-0.39,14.56
xaurum,-6.93,14.84
riecoin,33.74,14.99
golfcoin,6.27,15.14
ugain,6.31,15.17
cryptonite,-5.38,15.22
redcoin,8.9,15.27
swing,5.74,15.32
pinkcoin,-4.2,15.32
nimiq,-0.69,15.38
bitconnect,3.7,15.49
sydpak,6.04,15.54
shorty,6.31,15.67
bumbacoin,6.31,15.7
lisk,-2.52,15.79
metal-music-coin,6.3,15.95
maidsafecoin,3.82,16.14
clinton,2.42,16.18
etherparty,0.95,16.2
project-decorum,6.57,16.22
cryptoforecast,2.52,16.23
vtorrent,-1.88,16.25
counterparty,18.03,16.33
blackcoin,-5.0,16.37
osmiumcoin,8.47,16.41
ripto-bux,9.67,16.44
namecoin,26.47,16.5
dynamic,3.82,16.61
etheriya,9.2,16.67
delphy,-1.68,16.69
axiom,6.31,16.72
altcommunity-coin,69.11,16.84
stratis,-6.64,16.87
embers,29.28,16.97
bitcrystals,6.52,16.98
wowcoin,6.45,17.05
posex,6.31,17.07
flycoin,6.1,17.13
pure,5.22,17.38
crtcoin,6.31,17.39
hempcoin-hmp,6.27,17.39
px,6.27,17.39
impulsecoin,6.31,17.44
the-vegan-initiative,12.56,17.44
teamup,6.31,17.44
quebecoin,6.31,17.44
digital-bullion-gold,8.13,17.44
moneta2,6.31,17.44
applecoin-apw,6.27,17.44
bitcoin,7.33,17.45
hitcoin,6.31,17.49
usde,6.31,17.49
cryptoescudo,59.46,17.49
p7coin,6.3,17.49
uncoin,6.31,17.49
flavorcoin,13.4,17.55
senderon,3.33,17.59
kin,10.34,17.62
blakestar,-13.04,17.63
gpu-coin,18.99,17.66
vcash,-2.3,17.67
belacoin,-7.41,17.68
stealthcoin,3.05,17.7
ubiq,-4.61,17.7
flypme,2.37,17.74
ion,5.17,17.75
cartaxi-token,8.14,17.79
xcurrency,-18.94,17.8
lepen,49.48,17.9
polybius,5.83,17.94
bitsend,-5.54,18.01
wa-space,20.58,18.07
darcrus,-18.15,18.1
vip-tokens,18.06,18.13
goldpieces,6.94,18.18
vector,1.77,18.27
money,15.48,18.29
tattoocoin,-3.72,18.36
lottocoin,-2.72,18.52
valorbit,6.31,18.56
kolion,-1.1,18.58
sequence,3.26,18.59
warp,6.31,18.59
litecoin-gold,-0.93,18.65
elacoin,6.31,18.67
global-tour-coin,6.04,18.95
emercoin,8.2,18.98
sand-coin,28.85,19.03
steem,-9.74,19.1
poet,18.52,19.36
verge,-5.26,19.36
teslacoin,-26.1,19.42
arbit,-0.05,19.61
ethereum-gold,20.42,19.64
icobid,12.72,19.67
golos,5.1,19.8
swarm-city,-2.39,19.93
genesis-vision,7.88,19.95
solarcoin,9.54,20.13
orbitcoin,16.52,20.16
kobocoin,21.68,20.2
chronologic,-15.99,20.23
parkbyte,2.93,20.28
dollarcoin,8.86,20.31
marscoin,-9.53,20.32
sharechain,-0.71,20.34
greencoin,-15.09,20.51
regalcoin,1.35,20.61
memetic,-20.45,20.69
loopring,-13.58,20.81
c-bit,-6.92,20.85
exclusivecoin,-2.15,20.92
pivx,-8.1,21.02
crown,11.52,21.09
bipcoin,13.2,21.14
shift,3.48,21.25
evil-coin,8.64,21.44
bismuth,1.06,21.56
atlant,-17.53,21.59
dubaicoin-dbix,27.13,21.6
bata,13.01,21.61
franko,9.99,21.62
opescoin,-0.42,21.64
philosopher-stones,10.87,21.69
sixeleven,22.4,21.82
ebtcnew,5.9,21.86
trust,5.98,21.89
darsek,61.11,21.95
foldingcoin,-3.64,21.98
oceanlab,3.69,22.15
waves,-4.33,22.21
e-gulden,0.26,22.35
tychocoin,11.9,22.44
irishcoin,6.31,22.48
rupee,4.23,22.53
rise,-15.5,22.61
sooncoin,6.32,22.78
slevin,3.47,22.78
wyvern,6.31,23.14
wayguide,3.05,23.15
avatarcoin,-4.5,23.17
syndicate,-8.83,23.29
okcash,-16.67,23.39
primas,-3.83,23.39
bitbean,4.49,23.51
internet-of-people,-16.8,23.55
marxcoin,21.17,23.6
status,-4.51,23.69
bios-crypto,25.17,23.73
kronecoin,13.26,23.93
altcoin-alt,5.87,24.01
francs,65.39,24.26
globalboost-y,14.11,24.31
rhfcoin,18.12,24.39
synergy,8.09,24.41
bitswift,4.64,24.43
globaltoken,30.61,24.53
obits,-1.06,24.56
desire,1.39,24.69
granitecoin,-18.59,24.74
soilcoin,-7.24,24.74
storj,-11.45,24.81
42-coin,10.98,24.86
creativecoin,-17.42,24.98
dnotes,10.78,25.16
xios,-5.48,25.2
president-trump,52.72,25.27
binance-coin,-5.51,25.37
time-new-bank,6.33,25.45
bitradio,-9.16,25.58
diamond,11.16,25.62
unobtanium,19.43,25.77
cbd-crystals,13.9,25.83
confido,-1.8,25.88
heat-ledger,31.76,25.95
bitbtc,15.64,26.06
vslice,38.72,26.3
rivetz,-2.66,26.34
gamebet-coin,10.45,26.41
pizzacoin,29.33,26.5
digitalcoin,21.99,26.54
cryptocarbon,19.25,26.72
boscoin,16.57,26.84
trustplus,-1.09,26.89
litecoin-plus,-2.51,26.9
pokecoin,-0.43,26.93
ark,-2.28,26.98
bytecoin-bcn,0.39,26.99
blockpool,16.44,27.1
fujicoin,19.42,27.15
ergo,9.79,27.68
ultimate-secure-cash,32.05,27.68
votecoin,1.07,27.77
artbyte,15.81,27.87
xgox,7.59,28.07
honey,23.13,28.1
orlycoin,17.41,28.17
virta-unique-coin,21.15,28.32
letitride,31.86,28.57
dotcoin,6.62,28.65
secretcoin,0.04,28.76
insanecoin-insn,19.62,29.04
exchangen,5.9,29.15
berncash,3.4,29.72
bitbar,0.78,29.91
icoin,3.05,30.08
omni,12.99,30.14
whalecoin,-0.41,30.15
nexus,-5.97,30.48
yacoin,24.03,30.52
crystal-clear,-36.01,30.55
gambit,1.09,30.55
kekcoin,11.29,30.6
eidoo,34.64,30.64
alis,29.54,30.71
monetaryunit,-1.72,30.82
the-cypherfunks,13.54,30.89
indorse-token,-8.61,31.08
vaperscoin,-16.56,31.18
tokes,-19.8,31.34
divi,-8.67,31.5
achain,17.23,31.61
virtualcoin,57.45,31.95
metalcoin,17.05,32.01
useless-ethereum-token,27.6,32.2
auroracoin,6.47,32.27
spots,13.3,32.47
zozocoin,-4.6,32.47
bcap,13.42,32.5
lomocoin,-2.26,32.74
hive,-3.87,32.87
globalcoin,-11.09,32.89
neoscoin,6.98,33.0
x-coin,8.25,33.02
machinecoin,-1.65,33.27
tezos,10.46,33.29
viacoin,2.74,33.42
syscoin,1.56,33.43
shadowcash,13.56,33.52
snakeeyes,15.09,33.89
titcoin,8.95,33.96
antilitecoin,-13.38,34.01
lazaruscoin,6.31,34.17
humaniq,-16.14,34.17
monetha,0.33,34.18
fuzzballs,24.16,34.21
alphabitcoinfund,6.42,34.26
request-network,-8.79,34.36
2give,3.19,34.42
burst,3.59,34.66
wild-beast-block,8.91,34.95
circuits-of-value,9.32,35.58
pandacoin-pnd,17.46,35.71
goldblocks,37.94,35.79
linx,5.47,35.81
enigma-project,1.82,35.92
coin,64.25,36.09
royalcoin,15.97,36.16
unify,2.15,36.21
virtacoinplus,-3.36,36.69
terracoin,8.96,36.69
aurumcoin,1.45,36.76
bolenum,10.64,36.83
creatio,46.26,36.84
geertcoin,45.28,37.48
veritaseum,18.03,37.52
i0coin,7.05,37.62
siacoin,-4.11,37.69
neblio,8.7,37.88
tradecoin-v2,83.63,37.96
streamr-datacoin,59.24,38.07
curecoin,1.34,38.7
ixcoin,18.0,38.71
bytecent,22.03,38.81
qibuck-asset,6.7,38.86
salus,9.83,38.9
bowscoin,26.15,38.97
revain,21.13,39.03
minexcoin,-15.06,39.11
posw-coin,11.92,39.22
canada-ecoin,-0.7,39.42
dashcoin,9.77,39.65
ur,29.28,39.82
cream,2.69,40.2
shacoin,6.31,40.46
magnetcoin,5.13,40.5
fluttercoin,15.73,40.59
bytom,36.11,40.65
numeraire,-14.65,40.77
salt,-7.35,40.82
capricoin,19.1,41.12
bitdice,3.23,41.2
monero,25.65,41.23
octocoin,0.09,41.43
nuls,-3.07,41.46
californium,9.48,41.7
gapcoin,82.06,41.72
mustangcoin,36.44,42.37
decentraland,25.1,42.4
pluton,9.35,42.41
pura,37.75,42.46
mao-zedong,33.66,43.19
spacecoin,25.45,43.39
intensecoin,29.7,43.56
dinastycoin,7.38,43.57
kushcoin,38.71,43.84
bigup,32.68,44.01
swaptoken,-23.46,45.59
potcoin,7.19,45.81
morningstar-payments,25.77,45.9
bittokens,14.22,46.12
chesscoin,-6.85,46.16
version,39.4,46.36
bitmark,31.31,46.36
elementrem,-6.98,46.77
spankchain,24.29,46.91
benjirolls,-5.67,47.18
ink,12.7,47.46
hyperstake,9.6,47.52
dix-asset,-41.05,47.57
kittehcoin,24.48,47.68
xaucoin,59.06,47.9
paypex,2.06,48.17
populous,16.05,48.46
sibcoin,3.54,48.59
solaris,46.36,49.46
flik,-4.19,49.72
lltoken,-13.07,49.84
bitcoal,49.92,50.0
cannabiscoin,-9.38,50.12
bankcoin,-68.56,50.14
mindcoin,21.87,50.31
unbreakablecoin,-18.66,50.73
sakuracoin,98.13,50.94
stellar,39.48,51.09
glasscoin,-33.31,51.12
masternodecoin,37.63,51.23
aventus,53.94,52.22
atomic-coin,29.2,52.4
ardor,-6.55,52.61
guccionecoin,41.75,53.08
walton,-11.92,53.09
cannation,0.41,53.1
bitcoinfast,7.97,53.2
playercoin,20.68,53.25
levoplus,-10.37,53.92
chaincoin,18.21,54.8
trumpcoin,5.81,54.83
sigmacoin,-9.5,55.0
investfeed,7.97,55.0
sphere,12.34,55.01
dalecoin,23.03,55.14
earthcoin,58.32,55.28
edgeless,-15.06,55.75
ibank,40.33,56.32
prismchain,30.84,56.59
dimecoin,79.08,56.64
ammo-rewards,21.62,56.65
corethum,-31.31,57.8
thecreed,112.62,58.47
hyper,9.33,58.53
bitcoin-scrypt,5.22,58.6
coss,15.79,58.6
first-bitcoin-capital,30.22,58.65
nyancoin,-3.28,58.91
noblecoin,54.49,59.01
aces,16.3,59.12
xp,14.56,59.41
wagerr,-4.15,59.74
jinn,78.76,60.13
janus,-37.62,60.17
elcoin-el,6.43,60.35
burstocean,3.07,60.47
nav-coin,32.6,60.99
encryptotel-eth,-10.72,61.03
corgicoin,-7.21,61.05
supercoin,1.05,61.46
independent-money-system,31.18,61.48
cryptoping,-23.51,62.19
vertcoin,-9.19,62.37
pakcoin,54.73,62.49
marijuanacoin,-24.26,62.58
cryptonex,11.47,62.62
vsync-vsx,37.42,62.91
kurrent,-2.94,63.42
fujinto,0.24,63.5
cypher,26.54,63.69
gold-reward-token,-4.31,63.86
opal,41.8,63.87
eryllium,26.33,64.73
btctalkcoin,2.06,65.41
rawcoin2,38.78,65.45
cobinhood,8.37,65.46
huncoin,64.24,65.86
yellow-token,-45.39,65.95
argus,66.38,66.58
monacocoin,73.64,66.87
caliphcoin,53.88,67.27
idice,124.37,67.72
authorship,25.66,67.72
dopecoin,5.1,67.97
voisecom,1.82,68.42
waves-community-token,0.54,68.6
eos,29.56,69.66
bitcedi,2.28,69.71
hexx,54.84,69.85
ronpaulcoin,85.09,70.31
tagcoin,8.15,71.07
monaco,-13.84,71.89
tekcoin,60.21,71.95
agoras-tokens,-14.63,72.81
bowhead,128.07,72.88
campuscoin,-22.6,73.77
infchain,24.76,74.15
joulecoin,-32.6,75.71
sativacoin,6.36,75.93
netbit,-6.25,76.0
happy-creator-coin,27.53,76.16
ufo-coin,6.31,76.23
india-coin,59.41,76.23
digital-credits,59.46,76.23
fazzcoin,142.19,76.33
wi-coin,71.59,76.47
groestlcoin,-9.25,77.18
dynamiccoin,-9.11,77.66
monster-byte,30.46,77.93
chainlink,31.29,79.22
zero,-6.52,79.43
linda,-12.01,79.58
halcyon,62.33,80.45
ethereum-dark,13.39,80.74
mineum,16.77,81.33
printerium,89.62,81.39
coindash,51.38,81.47
darklisk,52.62,81.69
suncontract,-15.39,81.89
digitalprice,23.0,82.22
skycoin,9.85,82.61
xenon,1.39,83.47
fireflycoin,91.56,83.74
ixledger,8.42,84.24
rchain,22.41,85.89
frazcoin,-35.36,86.45
shilling,75.13,86.73
oyster-pearl,-8.3,87.66
ethgas,15.36,88.21
pepe-cash,36.18,89.62
voyacoin,-29.69,90.14
transfercoin,4.35,90.69
fedoracoin,833.01,92.1
russian-mining-coin,0.25,93.92
link-platform,36.29,94.74
securecoin,54.27,94.84
student-coin,6.56,96.17
ethereum-movie-venture,35.31,96.79
dashs,-36.05,96.8
carboncoin,-23.02,96.85
nushares,-8.85,97.24
wavesgo,-10.89,97.38
nxt,-6.89,97.57
stex,-6.61,97.98
teslacoilcoin,6.3,98.71
guppy,-9.37,98.81
gobyte,48.01,100.04
hicoin,-7.49,100.72
bridgecoin,-1.44,100.89
elixir,-24.37,102.67
blocktix,1.47,103.65
steem-dollars,34.38,104.44
encrypgen,-16.32,106.54
ethereum-lite,-14.63,107.75
raiblocks,21.19,108.56
litecoin-ultra,-3.82,109.58
zurcoin,28.3,110.57
mutual-coin,18.25,113.18
cryptcoin,91.43,113.58
boolberry,5.29,113.6
blakecoin,53.03,113.87
eaglecoin,272.5,114.73
bitcoin-21,9.74,117.14
xtrabytes,78.92,118.41
pirl,-11.11,119.0
catcoin,-27.72,119.5
denarius-dnr,2.83,119.96
deeponion,37.6,121.01
yescoin,-10.92,121.24
bitcoin-planet,72.7,122.5
anoncoin,81.13,122.7
vechain,17.02,124.1
motocoin,92.82,126.54
ganjacoin,123.68,126.67
iconic,160.02,127.64
exrnchain,-3.33,127.94
biblepay,54.48,127.95
bluecoin,12.35,128.65
electroneum,-14.71,128.79
voxels,-13.78,129.0
coimatic-2,244.26,132.24
photon,39.97,132.59
beatcoin,295.49,132.79
whitecoin,29.44,133.56
zetamicron,17.12,134.88
ride-my-car,41.7,134.88
alqo,25.79,135.8
coin2-1,8.57,138.02
bitserial,-2.81,138.21
hellogold,21.52,139.55
piecoin,17.82,140.52
mavro,64.51,140.97
coexistcoin,230.87,142.78
fuelcoin,112.59,143.75
mcap,-9.24,145.42
peacecoin,17.61,145.43
colossuscoin-v2,-16.86,149.01
cannacoin,-15.18,150.3
neuro,99.26,150.34
viuly,27.46,152.28
mercury,2.8,162.61
santiment,25.24,163.78
hempcoin,-2.3,165.03
inflationcoin,52.12,165.15
internxt,6.57,166.57
ellaism,-3.77,171.9
iethereum,-19.61,178.78
tao,13.39,179.54
safe-exchange-coin,78.58,185.76
global-currency-reserve,88.88,197.22
trezarcoin,-11.62,197.32
aseancoin,-3.33,200.75
newbium,163.02,206.07
geysercoin,35.25,218.9
postoken,42.63,228.87
utacoin,-21.67,229.09
einsteinium,66.46,229.46
fimkrypto,23.99,235.98
litecred,-51.73,243.9
advanced-internet-blocks,203.95,244.08
peepcoin,6.31,245.56
monacoin,109.98,251.44
newyorkcoin,62.05,252.88
iota,83.35,255.82
britcoin,223.31,272.18
bolivarcoin,199.26,273.54
javascript-token,110.41,278.07
skeincoin,43.69,278.8
force,-15.05,283.37
debitcoin,-19.4,296.17
ethereum-blue,-6.0,296.82
chncoin,0.86,299.8
bitcurrency,-40.9,312.36
kashhcoin,2.47,315.04
ethereumcash,58.26,346.87
bitcoin-silver,13.25,354.85
cashcoin,457.86,374.3
veros,46.83,395.53
luxcoin,-8.52,403.73
litebitcoin,-39.85,474.8
asiacoin,267.2,521.47
ebit,90.93,525.73
petrodollar,-76.55,542.96
erc20,-8.34,545.73
yoyow,119.59,547.12
comet,252.07,560.46
btcmoon,-34.7,582.11
bitcoin-red,-29.87,693.37
bitzeny,416.04,3360.71
