id,percent_change_24h,percent_change_7d
flappycoin,-95.85,-96.61
credence-coin,-94.22,-95.31
coupecoin,-93.93,-61.24
tyrocoin,-79.02,-87.43
petrodollar,-76.55,542.96
bitok,-74.37,-71.67
bankcoin,-68.56,50.14
tellurion,-63.75,-52.59
shadow-token,-61.4,-59.05
eusd,-58.89,-25.5
kibicoin,-57.51,-15.32
abjcoin,-54.1,-17.73
landcoin,-52.11,-73.62
litecred,-51.73,243.9
ebtc,-51.13,-0.32
universal-currency,-48.96,-42.53
leviarcoin,-47.57,-71.7
runners,-46.85,-62.83
animecoin,-46.85,-22.07
ccminer,-45.83,-18.02
yellow-token,-45.39,65.95
primulon,-41.36,-57.31
mooncoin,-41.32,-32.67
dix-asset,-41.05,47.57
bitcurrency,-40.9,312.36
electra,-40.59,-81.29
litebitcoin,-39.85,474.8
janus,-37.62,60.17
bitcoincashscrypt,-37.39,-27.69
cagecoin,-36.26,-92.68
dashs,-36.05,96.8
jetcoin,-36.03,-80.66
crystal-clear,-36.01,30.55
htmlcoin,-35.51,1.07
frazcoin,-35.36,86.45
techshares,-35.09,-48.93
btcmoon,-34.7,582.11
socialcoin-socc,-34.27,-35.1
glasscoin,-33.31,51.12
embercoin,-32.97,-21.21
bitbase,-32.81,0.16
joulecoin,-32.6,75.71
truckcoin,-31.89,-37.46
paycon,-31.74,-29.14
corethum,-31.31,57.8
sacoin,-31.26,-49.24
sisa,-31.05,-37.47
torcoin-tor,-30.88,-39.45
wild-crypto,-30.6,0.22
yocoin,-30.47,-9.71
encryptotel,-30.02,4.17
bitcoin-red,-29.87,693.37
voyacoin,-29.69,90.14
royal-kingdom-coin,-29.21,-39.42
regacoin,-29.13,-29.51
cubits,-28.76,-27.56
network-token,-28.49,-16.68
opus,-28.27,-30.67
ethbits,-27.79,-28.11
catcoin,-27.72,119.5
goodomy,-27.44,13.0
autonio,-27.34,-39.48
monkey-project,-26.92,-56.88
megacoin,-26.51,-16.2
teslacoin,-26.1,19.42
phantomx,-25.71,-31.83
zeitcoin,-24.9,-70.27
zengold,-24.65,-41.03
popularcoin,-24.49,-0.77
elixir,-24.37,102.67
marijuanacoin,-24.26,62.58
vulcano,-23.87,-21.16
cryptoping,-23.51,62.19
swaptoken,-23.46,45.59
carboncoin,-23.02,96.85
magnet,-22.9,-18.32
campuscoin,-22.6,73.77
solarflarecoin,-22.27,7.06
e-coin,-22.26,-4.55
happycoin,-22.05,-24.16
freicoin,-22.04,-3.09
everus,-21.99,-76.86
octanox,-21.97,-7.69
mercury-protocol,-21.8,-50.14
utacoin,-21.67,229.09
lanacoin,-21.62,-23.74
bt2-cst,-21.61,-29.77
bitcore,-21.11,-44.18
clubcoin,-21.09,-45.88
digital-developers-fund,-20.99,-40.21
agrolifecoin,-20.79,-8.79
enigma,-20.54,-23.56
agrello-delta,-20.49,-40.85
memetic,-20.45,20.69
bitcoin-diamond,-20.41,-30.47
avoncoin,-20.29,-9.72
emerald,-20.16,-25.42
veltor,-20.0,4.44
acoin,-19.88,-21.61
tokes,-19.8,31.34
bunnycoin,-19.69,-47.88
iethereum,-19.61,178.78
neutron,-19.59,-15.64
debitcoin,-19.4,296.17
xcurrency,-18.94,17.8
unbreakablecoin,-18.66,50.73
granitecoin,-18.59,24.74
topcoin,-18.5,-25.28
ultracoin,-18.31,-22.98
darcrus,-18.15,18.1
visio,-18.12,0.85
target-coin,-17.83,-13.45
bubble,-17.62,8.43
trollcoin,-17.55,-12.9
atlant,-17.53,21.59
creativecoin,-17.42,24.98
piplcoin,-17.42,-11.3
rlc,-17.26,9.23
gaycoin,-17.08,8.37
cofound-it,-16.88,5.67
colossuscoin-v2,-16.86,149.01
internet-of-people,-16.8,23.55
bitgem,-16.77,-22.92
okcash,-16.67,23.39
vaperscoin,-16.56,31.18
trueflip,-16.51,-7.35
encrypgen,-16.32,106.54
red-pulse,-16.28,-13.82
open-trading-network,-16.2,-38.72
humaniq,-16.14,34.17
deuscoin,-16.04,-15.79
chronologic,-15.99,20.23
onix,-15.72,-26.61
rise,-15.5,22.61
worldcoin,-15.46,-10.57
suncontract,-15.39,81.89
cannacoin,-15.18,150.3
greencoin,-15.09,20.51
minexcoin,-15.06,39.11
edgeless,-15.06,55.75
force,-15.05,283.37
decent,-14.89,2.92
milocoin,-14.8,-14.98
electroneum,-14.71,128.79
bitasean,-14.69,12.75
numeraire,-14.65,40.77
agoras-tokens,-14.63,72.81
ethereum-lite,-14.63,107.75
bitbay,-14.3,3.57
library-credit,-14.17,8.39
raiden-network-token,-14.16,-29.9
attention-token-of-media,-14.05,-20.48
obsidian,-14.04,-27.99
women,-14.03,-13.38
monaco,-13.84,71.89
voxels,-13.78,129.0
elastic,-13.6,-1.57
loopring,-13.58,20.81
quatloo,-13.56,4.41
antilitecoin,-13.38,34.01
triaconta,-13.38,-14.04
yashcoin,-13.24,-16.23
bitqy,-13.16,0.91
lltoken,-13.07,49.84
cybcsec,-13.05,3.06
blakestar,-13.04,17.63
litebar,-13.01,11.83
ethbet,-12.99,-18.02
blockv,-12.98,1.41
zayedcoin,-12.85,-28.14
civic,-12.84,7.18
mojocoin,-12.82,9.26
vpncoin,-12.77,11.82
viberate,-12.59,11.39
patientory,-12.59,5.77
ebittree-coin,-12.57,-0.73
radium,-12.55,10.95
blockmason,-12.47,-30.06
singulardtv,-12.46,0.42
vault-coin,-12.36,-22.62
plexcoin,-12.23,-52.4
iticoin,-12.04,-20.25
linda,-12.01,79.58
firstblood,-11.93,-7.66
walton,-11.92,53.09
synereo,-11.89,9.34
peercoin,-11.85,-12.0
digixdao,-11.71,-4.99
lampix,-11.64,-17.48
cryptojacks,-11.64,-23.02
trezarcoin,-11.62,197.32
metal,-11.57,8.17
feathercoin,-11.53,-8.73
storj,-11.45,24.81
bastonet,-11.44,-17.5
magnum,-11.44,-9.66
fonziecoin,-11.42,-21.42
pirl,-11.11,119.0
globalcoin,-11.09,32.89
yescoin,-10.92,121.24
wavesgo,-10.89,97.38
gcoin,-10.87,1.6
decred,-10.74,-10.55
adshares,-10.73,-17.94
encryptotel-eth,-10.72,61.03
district0x,-10.68,7.04
aragon,-10.66,-10.06
sexcoin,-10.65,1.76
aeon,-10.62,-10.76
macron,-10.59,-47.77
buzzcoin,-10.44,-21.77
levoplus,-10.37,53.92
centra,-10.28,-13.47
ecocoin,-10.16,-66.91
infinitecoin,-10.06,-42.44
komodo,-10.03,2.02
internet-of-things,-10.0,-34.55
metaverse,-9.86,-31.57
mincoin,-9.85,-37.37
qtum,-9.85,-16.12
hawla-today,-9.77,-1.95
steem,-9.74,19.1
flixxo,-9.58,-32.76
atbcoin,-9.55,-9.28
marscoin,-9.53,20.32
sigmacoin,-9.5,55.0
quantstamp,-9.44,-8.44
chronobank,-9.41,-23.32
cannabiscoin,-9.38,50.12
guppy,-9.37,98.81
hshare,-9.33,-18.18
groestlcoin,-9.25,77.18
kyber-network,-9.24,14.04
mcap,-9.24,145.42
vertcoin,-9.19,62.37
espers,-9.17,-29.09
bitradio,-9.16,25.58
etheroll,-9.13,-22.32
ripio-credit-network,-9.11,5.16
dynamiccoin,-9.11,77.66
fundyourselfnow,-9.09,-25.54
royalties,-9.06,-99.59
change,-9.01,-3.72
aricoin,-8.92,6.12
russiacoin,-8.89,-32.28
starta,-8.88,-1.6
nushares,-8.85,97.24
syndicate,-8.83,23.29
jobscoin,-8.82,-1.43
gas,-8.81,-6.76
request-network,-8.79,34.36
blocknet,-8.76,0.64
divi,-8.67,31.5
bitcoin-gold,-8.65,-11.24
indorse-token,-8.61,31.08
msd,-8.61,-15.8
spreadcoin,-8.61,6.17
gnosis-gno,-8.57,13.35
mysterium,-8.53,3.49
luxcoin,-8.52,403.73
zencash,-8.47,0.42
dutch-coin,-8.47,-18.22
tierion,-8.46,-2.94
rubies,-8.4,1.2
etherdoge,-8.38,-27.59
adx-net,-8.37,-1.49
erc20,-8.34,545.73
neverdie,-8.33,-27.82
trackr,-8.3,1.63
oyster-pearl,-8.3,87.66
gxshares,-8.29,-19.0
compucoin,-8.29,-4.8
decision-token,-8.24,5.13
tracto,-8.2,-34.29
tenx,-8.19,-2.45
antibitcoin,-8.19,11.57
rabbitcoin,-8.16,-17.81
pivx,-8.1,21.02
paypie,-8.08,-6.97
omisego,-8.06,3.93
doubloon,-7.94,-5.14
geocoin,-7.91,8.04
innova,-7.87,6.79
augur,-7.71,13.02
rialto,-7.62,-9.62
nevacoin,-7.61,-2.48
funfair,-7.51,4.43
bancor,-7.5,-0.61
hicoin,-7.49,100.72
belacoin,-7.41,17.68
salt,-7.35,40.82
neo,-7.28,0.2
soilcoin,-7.24,24.74
corgicoin,-7.21,61.05
maecenas,-7.19,-8.45
blazecoin,-7.13,6.33
bodhi,-7.1,-12.6
reddcoin,-7.06,7.51
aeternity,-7.03,0.52
vericoin,-7.02,4.63
suretly,-7.0,-8.85
elementrem,-6.98,46.77
cabbage,-6.98,-1.35
xaurum,-6.93,14.84
c-bit,-6.92,20.85
nxt,-6.89,97.57
musiconomi,-6.88,-41.52
chesscoin,-6.85,46.16
power-ledger,-6.72,11.15
melon,-6.7,-7.44
nolimitcoin,-6.69,-31.0
stratis,-6.64,16.87
stex,-6.61,97.98
expanse,-6.57,10.02
ardor,-6.55,52.61
argentum,-6.53,-0.54
zero,-6.52,79.43
paragon,-6.44,-0.57
moeda-loyalty-points,-6.41,-9.88
supernet-unity,-6.39,-17.98
airtoken,-6.36,-18.36
bitcoindark,-6.33,0.89
purevidz,-6.32,8.3
giga-watt-token,-6.29,-6.7
netbit,-6.25,76.0
gamecredits,-6.22,-0.34
karbowanec,-6.22,-17.02
procurrency,-6.12,-3.38
golem-network-tokens,-6.03,3.53
ethereum-blue,-6.0,296.82
nexus,-5.97,30.48
rubycoin,-5.94,14.37
dibcoin,-5.9,9.66
amber,-5.85,-13.74
netcoin,-5.84,-4.29
vibe,-5.82,-4.06
cardano,-5.8,-8.25
ambercoin,-5.72,-38.95
coinonatx,-5.68,-12.64
benjirolls,-5.67,47.18
universe,-5.6,-13.45
bitsend,-5.54,18.01
bitcoin-cash,-5.51,-4.75
binance-coin,-5.51,25.37
zrcoin,-5.51,-5.17
basic-attention-token,-5.5,0.59
xios,-5.48,25.2
primalbase,-5.47,9.47
crevacoin,-5.46,-8.59
upfiring,-5.45,-32.44
cryptonite,-5.38,15.22
bnrtxcoin,-5.31,5.97
verge,-5.26,19.36
putincoin,-5.12,-55.35
platinumbar,-5.11,-19.05
pillar,-5.08,2.42
triggers,-5.06,-6.28
blackcoin,-5.0,16.37
publica,-4.99,-46.22
master-swiscoin,-4.96,-18.98
kucoin-shares,-4.96,13.97
digibyte,-4.95,13.21
ethos,-4.9,-3.88
mobilego,-4.89,11.08
lunyr,-4.85,4.77
iconomi,-4.75,3.25
asiadigicoin,-4.73,-5.96
digitalnote,-4.65,12.15
ubiq,-4.61,17.7
zozocoin,-4.6,32.47
sterlingcoin,-4.59,3.02
accelerator-network,-4.57,4.39
bitcoin-plus,-4.53,1.14
first-bitcoin,-4.52,-1.55
status,-4.51,23.69
avatarcoin,-4.5,23.17
abncoin,-4.4,-11.69
domraider,-4.37,-1.6
waves,-4.33,22.21
gold-reward-token,-4.31,63.86
credo,-4.28,-18.92
minereum,-4.22,4.7
pinkcoin,-4.2,15.32
flik,-4.19,49.72
wagerr,-4.15,59.74
mywish,-4.13,-60.0
bitstar,-4.12,6.04
siacoin,-4.11,37.69
growers-international,-4.1,13.33
ox-fina,-4.05,0.15
incent,-4.01,-9.42
apx,-3.95,10.31
fincoin,-3.94,-13.64
ethereum,-3.93,-7.33
win-coin,-3.9,-14.71
paccoin,-3.88,1.0
hive,-3.87,32.87
bitdeal,-3.85,-30.43
primas,-3.83,23.39
litecoin-ultra,-3.82,109.58
netko,-3.79,-18.52
asch,-3.79,-8.84
ellaism,-3.77,171.9
farad,-3.76,11.68
tattoocoin,-3.72,18.36
ripple,-3.7,-14.79
elysium,-3.68,9.87
foldingcoin,-3.64,21.98
mothership,-3.61,-22.6
ug-token,-3.58,-4.41
primecoin,-3.58,5.82
databits,-3.54,5.63
quantum,-3.54,-12.74
ethereum-classic,-3.47,-7.7
faircoin,-3.45,12.47
everex,-3.43,-12.54
alpacoin,-3.42,-11.15
adzcoin,-3.42,-5.49
kilocoin,-3.37,-47.03
stronghands,-3.37,-11.54
virtacoinplus,-3.36,36.69
infinity-pay,-3.33,-36.77
egold,-3.33,-57.35
cash-poker-pro,-3.33,-44.7
iocoin,-3.33,-13.95
facecoin,-3.33,-15.15
aseancoin,-3.33,200.75
dimoncoin,-3.33,-10.31
exrnchain,-3.33,127.94
smart-investment-fund-token,-3.31,10.26
dash,-3.31,10.64
nyancoin,-3.28,58.91
grid,-3.27,-14.2
mazacoin,-3.21,-3.01
korecoin,-3.16,1.46
smileycoin,-3.11,-15.27
nuls,-3.07,41.46
unicoin,-3.07,9.09
ether-for-the-rest-of-the-world,-3.05,-75.03
breakout,-2.98,5.03
bitcoinz,-2.97,-9.1
gold-pressed-latinum,-2.96,2.07
piggycoin,-2.96,-62.11
kurrent,-2.94,63.42
pascal-coin,-2.91,0.15
sharkcoin,-2.86,-6.13
bitserial,-2.81,138.21
byteball,-2.78,0.04
eboostcoin,-2.76,4.74
factom,-2.74,0.83
lottocoin,-2.72,18.52
dovu,-2.68,-4.41
rivetz,-2.66,26.34
dcorp,-2.62,-17.08
blockchain-index,-2.58,7.53
quantum-resistant-ledger,-2.55,12.59
arcticcoin,-2.55,-10.51
zoin,-2.53,12.22
lisk,-2.52,15.79
litecoin-plus,-2.51,26.9
sprouts,-2.5,-42.66
akuya-coin,-2.49,-13.3
coimatic-3,-2.41,7.29
swarm-city,-2.39,19.93
qwark,-2.35,3.27
hempcoin,-2.3,165.03
vcash,-2.3,17.67
ark,-2.28,26.98
lomocoin,-2.26,32.74
terranova,-2.22,-12.83
airswap,-2.2,11.43
exclusivecoin,-2.15,20.92
startcoin,-2.14,13.35
breakout-stake,-2.04,11.95
modum,-2.01,-13.65
blitzcash,-1.98,3.38
rublebit,-1.89,14.1
vtorrent,-1.88,16.25
life,-1.86,12.9
adtoken,-1.86,4.21
evergreencoin,-1.81,7.52
confido,-1.8,25.88
nubits,-1.77,-2.2
decent-bet,-1.75,-1.81
monetaryunit,-1.72,30.82
delphy,-1.68,16.69
machinecoin,-1.65,33.27
allsafe,-1.56,-54.99
chips,-1.54,-31.8
huntercoin,-1.54,-0.23
bridgecoin,-1.44,100.89
mergecoin,-1.43,7.41
audiocoin,-1.42,1.73
interstellar-holdings,-1.36,1.95
myriad,-1.34,7.29
droxne,-1.32,0.76
miners-reward-token,-1.25,9.39
enjin-coin,-1.23,8.63
xplay,-1.2,-19.92
t-coin,-1.19,-44.79
zeusshield,-1.14,10.53
safecoin,-1.12,9.27
healthywormcoin,-1.12,-54.48
kolion,-1.1,18.58
trustplus,-1.09,26.89
obits,-1.06,24.56
maker,-1.04,-1.9
golos-gold,-1.03,13.24
rasputin-online-coin,-0.94,4.49
litecoin-gold,-0.93,18.65
hedge,-0.92,-11.72
intelligent-trading-tech,-0.91,-9.68
das,-0.89,2.59
dogecoin,-0.81,9.49
ormeus-coin,-0.76,-14.08
wings,-0.75,9.59
veriumreserve,-0.74,4.1
psilocybin,-0.72,-16.79
sharechain,-0.71,20.34
canada-ecoin,-0.7,39.42
nimiq,-0.69,15.38
cindicator,-0.63,4.36
reecoin,-0.56,-32.91
jewels,-0.55,-8.57
real,-0.54,-3.07
grantcoin,-0.53,-0.34
gameunits,-0.53,-44.35
ties-network,-0.5,-35.53
musicoin,-0.48,2.52
goldcoin,-0.47,-4.99
briacoin,-0.46,-26.58
pokecoin,-0.43,26.93
opescoin,-0.42,21.64
tristar-coin,-0.42,-27.99
whalecoin,-0.41,30.15
nem,-0.39,14.56
bitcloud,-0.37,-10.02
energo,-0.32,-5.01
particl,-0.25,3.03
blockcat,-0.25,2.51
clearpoll,-0.22,-17.54
roofs,-0.18,-29.5
lykke,-0.14,-12.14
qash,-0.07,-31.5
tether,-0.07,-0.06
arbit,-0.05,19.61
helleniccoin,-0.04,-27.25
cybercoin,-0.03,10.43
sumokoin,-0.02,-13.25
environ,-0.02,-47.88
wowecoin,0.0,-0.0
digicube,-0.0,10.51
secretcoin,0.04,28.76
smartbillions,0.05,-4.89
bitalphacoin,0.07,4.09
octocoin,0.09,41.43
sonm,0.19,12.28
firstcoin,0.24,-2.91
fujinto,0.24,63.5
russian-mining-coin,0.25,93.92
e-gulden,0.26,22.35
nexium,0.27,1.73
cryptogenic-bullion,0.28,-25.94
prcoin,0.28,1.48
monetha,0.33,34.18
dao-casino,0.33,-5.84
unikoin-gold,0.37,6.92
oax,0.39,7.08
bytecoin-bcn,0.39,26.99
cannation,0.41,53.1
copico,0.43,-14.79
b2bx,0.45,-31.37
astro,0.46,5.11
substratum,0.48,9.55
waves-community-token,0.54,68.6
bitboost,0.54,3.75
pesetacoin,0.55,8.27
blazercoin,0.57,-6.45
fargocoin,0.63,6.5
privatix,0.64,-17.16
casinocoin,0.68,-1.42
propy,0.71,9.77
shellcoin,0.73,-27.84
europecoin,0.77,7.21
stox,0.77,-2.41
cashme,0.77,11.23
bitbar,0.78,29.91
litecoin,0.8,3.68
chncoin,0.86,299.8
omicron,0.89,8.59
starcredits,0.9,6.83
segwit2x,0.91,1.54
etherparty,0.95,16.2
falcoin,0.99,-71.64
dubstep,0.99,3.81
0x,1.03,2.62
novacoin,1.04,-16.49
supercoin,1.05,61.46
bismuth,1.06,21.56
shield-xsh,1.07,-27.45
votecoin,1.07,27.77
gambit,1.09,30.55
leacoin,1.09,-18.27
mtmgaming,1.12,1.74
neo-gold,1.33,12.36
curecoin,1.34,38.7
regalcoin,1.35,20.61
bitsoar,1.39,-18.49
xenon,1.39,83.47
desire,1.39,24.69
postcoin,1.44,-23.16
aurumcoin,1.45,36.76
blocktix,1.47,103.65
syscoin,1.56,33.43
eot-token,1.63,11.54
smartcoin,1.65,2.89
bitusd,1.67,2.21
dent,1.7,2.07
8bit,1.76,12.89
vector,1.77,18.27
aeron,1.77,-15.64
enigma-project,1.82,35.92
voisecom,1.82,68.42
biteur,1.97,2.41
unitus,1.97,2.04
paypex,2.06,48.17
btctalkcoin,2.06,65.41
president-johnson,2.1,-4.62
martexcoin,2.12,4.85
corion,2.14,-7.31
unify,2.15,36.21
zilbercoin,2.26,1.7
bitcedi,2.28,69.71
daxxcoin,2.29,-22.56
ecobit,2.29,5.94
florincoin,2.29,13.81
arcade-token,2.3,-10.37
blackmoon-crypto,2.37,-0.71
flypme,2.37,17.74
clinton,2.42,16.18
legends-room,2.44,7.32
smartcash,2.44,-2.28
kashhcoin,2.47,315.04
revolvercoin,2.49,-1.35
cryptoforecast,2.52,16.23
quotient,2.57,11.09
creditbit,2.6,-8.78
eternity,2.62,-23.9
cream,2.69,40.2
viacoin,2.74,33.42
atmcoin,2.75,11.52
moin,2.76,12.34
e-dinar-coin,2.78,4.58
mercury,2.8,162.61
denarius-dnr,2.83,119.96
rimbit,2.91,9.94
parkbyte,2.93,20.28
speedcash,2.94,8.47
billionaire-token,2.96,-15.05
taas,3.0,-0.73
universalroyalcoin,3.01,-16.43
bitcny,3.01,5.9
influxcoin,3.03,5.54
icoin,3.05,30.08
wayguide,3.05,23.15
stealthcoin,3.05,17.7
burstocean,3.07,60.47
2give,3.19,34.42
bitdice,3.23,41.2
sequence,3.26,18.59
senderon,3.33,17.59
berncash,3.4,29.72
poly-ai,3.44,-2.97
slevin,3.47,22.78
zclassic,3.48,11.2
shift,3.48,21.25
exchange-union,3.52,-18.61
sibcoin,3.54,48.59
kickico,3.56,6.0
leocoin,3.56,4.11
crypto,3.58,-34.47
burst,3.59,34.66
unrealcoin,3.67,1.51
oceanlab,3.69,22.15
bitconnect,3.7,15.49
pinkdog,3.71,-42.7
genstake,3.72,14.16
incakoin,3.72,-22.73
latoken,3.75,-0.11
soarcoin,3.79,10.18
magi,3.8,10.78
digital-money-bits,3.81,13.28
dynamic,3.82,16.61
maidsafecoin,3.82,16.14
zsecoin,3.85,-11.44
rsgpcoin,3.9,-20.18
prizm,3.93,-4.35
deutsche-emark,4.08,5.88
cthulhu-offerings,4.1,-26.19
gridcoin,4.11,8.67
1337coin,4.12,-29.59
starcash-network,4.2,-25.28
rupee,4.23,22.53
unity-ingot,4.27,-11.0
guncoin,4.31,9.46
transfercoin,4.35,90.69
swisscoin,4.39,-22.84
emphy,4.41,-24.13
firecoin,4.43,-7.91
bitbean,4.49,23.51
bitswift,4.64,24.43
xonecoin,4.65,1.39
evotion,4.69,0.46
cloakcoin,4.7,9.2
luna-coin,4.7,-16.3
equitrader,4.73,-12.43
quazarcoin,4.91,3.23
signatum,4.92,-4.8
energycoin,4.93,2.46
dpay,5.09,-26.37
dopecoin,5.1,67.97
golos,5.1,19.8
draftcoin,5.1,12.61
magnetcoin,5.13,40.5
ion,5.17,17.75
digipulse,5.18,9.68
swagbucks,5.21,9.53
pure,5.22,17.38
bitcoin-scrypt,5.22,58.6
boolberry,5.29,113.6
maxcoin,5.3,8.84
iquant,5.34,-10.5
bitgold,5.37,3.57
clams,5.4,7.84
bt1-cst,5.42,11.81
linx,5.47,35.81
tron,5.53,-7.85
roulettetoken,5.62,6.47
prototanium,5.64,-16.67
qvolta,5.7,-29.7
swing,5.74,15.32
trumpcoin,5.81,54.83
polybius,5.83,17.94
altcoin-alt,5.87,24.01
ebtcnew,5.9,21.86
exchangen,5.9,29.15
trust,5.98,21.89
tajcoin,6.01,4.2
sydpak,6.04,15.54
bitsilver,6.04,3.27
global-tour-coin,6.04,18.95
litedoge,6.06,4.7
flycoin,6.1,17.13
triangles,6.19,-8.88
swapcoin,6.23,-32.69
digital-rupees,6.27,-37.65
plncoin,6.27,-22.41
halloween-coin,6.27,-29.79
px,6.27,17.39
biobar,6.27,2.05
wearesatoshi,6.27,-4.9
golfcoin,6.27,15.14
prospectors-gold,6.27,-25.54
applecoin-apw,6.27,17.44
hempcoin-hmp,6.27,17.39
cyder,6.27,-21.15
cryptoworldx-token,6.29,7.77
teslacoilcoin,6.3,98.71
metal-music-coin,6.3,15.95
macro1,6.3,-37.57
p7coin,6.3,17.49
moneta2,6.31,17.44
lazaruscoin,6.31,34.17
eccoin,6.31,3.45
rcoin,6.31,5.41
uncoin,6.31,17.49
cheapcoin,6.31,7.08
teamup,6.31,17.44
quebecoin,6.31,17.44
shacoin,6.31,40.46
futcoin,6.31,-3.78
usde,6.31,17.49
ugain,6.31,15.17
elacoin,6.31,18.67
axiom,6.31,16.72
peepcoin,6.31,245.56
wyvern,6.31,23.14
warp,6.31,18.59
posex,6.31,17.07
hitcoin,6.31,17.49
shorty,6.31,15.67
impulsecoin,6.31,17.44
flash,6.31,8.54
bumbacoin,6.31,15.7
ego,6.31,14.48
irishcoin,6.31,22.48
valorbit,6.31,18.56
crtcoin,6.31,17.39
ufo-coin,6.31,76.23
sooncoin,6.32,22.78
kingn-coin,6.32,-10.74
peerplays-ppy,6.32,-20.11
time-new-bank,6.33,25.45
woodcoin,6.35,-3.85
sativacoin,6.36,75.93
gulden,6.42,3.63
alphabitcoinfund,6.42,34.26
elcoin-el,6.43,60.35
funcoin,6.44,-10.29
wowcoin,6.45,17.05
auroracoin,6.47,32.27
oxycoin,6.49,-23.17
bitcrystals,6.52,16.98
student-coin,6.56,96.17
namocoin,6.56,-24.13
internxt,6.57,166.57
project-decorum,6.57,16.22
dotcoin,6.62,28.65
sugar-exchange,6.7,-34.09
qibuck-asset,6.7,38.86
xde-ii,6.85,-37.69
goldpieces,6.94,18.18
neoscoin,6.98,33.0
the-champcoin,7.02,1.77
i0coin,7.05,37.62
prime-xi,7.11,13.27
potcoin,7.19,45.81
qubitcoin,7.19,-27.73
tokencard,7.27,-28.35
pabyosi-coin-special,7.32,4.27
bitcoin,7.33,17.45
thegcccoin,7.33,13.11
anryze,7.34,-29.16
gaia,7.37,-1.5
dinastycoin,7.38,43.57
bitpark-coin,7.41,-2.24
beavercoin,7.48,7.87
aidos-kuneen,7.57,-17.72
hush,7.59,0.61
xgox,7.59,28.07
quark,7.65,6.81
toacoin,7.74,-5.48
crave,7.83,12.43
fucktoken,7.83,-18.37
harmonycoin-hmc,7.84,-5.5
billarycoin,7.85,-35.84
genesis-vision,7.88,19.95
cvcoin,7.91,6.17
investfeed,7.97,55.0
bitcoinfast,7.97,53.2
betacoin,8.08,-14.13
synergy,8.09,24.41
digital-bullion-gold,8.13,17.44
cartaxi-token,8.14,17.79
tagcoin,8.15,71.07
emercoin,8.2,18.98
batcoin,8.22,12.47
x-coin,8.25,33.02
cobinhood,8.37,65.46
spectrecoin,8.38,9.35
ixledger,8.42,84.24
chancoin,8.46,8.18
osmiumcoin,8.47,16.41
ratecoin,8.48,8.52
coin2-1,8.57,138.02
zcash-gold,8.62,-3.22
evil-coin,8.64,21.44
neblio,8.7,37.88
tigercoin,8.74,5.97
dollarcoin,8.86,20.31
redcoin,8.9,15.27
wild-beast-block,8.91,34.95
titcoin,8.95,33.96
terracoin,8.96,36.69
zcash,9.0,-2.2
dentacoin,9.02,7.91
etheriya,9.2,16.67
bitshares,9.2,9.18
infinity-economics,9.23,-32.44
circuits-of-value,9.32,35.58
hyper,9.33,58.53
pluton,9.35,42.41
dfscoin,9.45,-17.38
californium,9.48,41.7
goldreserve,9.53,-27.62
solarcoin,9.54,20.13
pluscoin,9.56,6.66
grimcoin,9.57,-5.5
brat,9.59,-16.02
hyperstake,9.6,47.52
ripto-bux,9.67,16.44
bitcoin-21,9.74,117.14
hobonickels,9.74,-2.26
dashcoin,9.77,39.65
ergo,9.79,27.68
mmxvi,9.8,6.12
salus,9.83,38.9
skycoin,9.85,82.61
edrcoin,9.97,6.79
franko,9.99,21.62
adcoin,10.08,-23.8
artex-coin,10.09,-15.4
icon,10.11,12.51
eltc,10.21,2.07
atmos,10.34,7.38
kin,10.34,17.62
gamebet-coin,10.45,26.41
tezos,10.46,33.29
renos,10.56,-4.87
birds,10.62,-42.1
bolenum,10.64,36.83
zetacoin,10.65,12.2
skincoin,10.65,-14.24
braincoin,10.7,-12.03
bitquark,10.74,-12.82
dnotes,10.78,25.16
zennies,10.85,2.89
philosopher-stones,10.87,21.69
anarchistsprime,10.9,-18.92
42-coin,10.98,24.86
300-token,11.15,-26.0
diamond,11.16,25.62
kekcoin,11.29,30.6
ereal,11.45,-29.25
cryptonex,11.47,62.62
eurocoin,11.49,-2.27
crown,11.52,21.09
allion,11.71,10.46
tychocoin,11.9,22.44
posw-coin,11.92,39.22
tittiecoin,11.93,-19.25
icos,12.33,-11.79
sphere,12.34,55.01
bluecoin,12.35,128.65
fantomcoin,12.54,-6.92
the-vegan-initiative,12.56,17.44
ink,12.7,47.46
icobid,12.72,19.67
fastcoin,12.79,-3.55
pulse,12.94,0.7
pirate-blocks,12.95,-2.55
omni,12.99,30.14
bata,13.01,21.61
chronos,13.08,2.9
sphre-air,13.17,5.71
bipcoin,13.2,21.14
bitcoin-silver,13.25,354.85
kronecoin,13.26,23.93
spots,13.3,32.47
ethereum-dark,13.39,80.74
tao,13.39,179.54
flavorcoin,13.4,17.55
bcap,13.42,32.5
the-cypherfunks,13.54,30.89
mintcoin,13.56,-15.1
shadowcash,13.56,33.52
theresa-may-coin,13.75,-17.93
gbcgoldcoin,13.78,-43.3
centurion,13.81,-43.58
cbd-crystals,13.9,25.83
globalboost-y,14.11,24.31
bittokens,14.22,46.12
cycling-coin,14.49,-10.34
xp,14.56,59.41
destiny,14.65,-14.08
gulfcoin,14.79,-12.65
eltcoin,14.8,7.41
cachecoin,14.95,-22.96
snakeeyes,15.09,33.89
aion,15.33,-7.58
ethgas,15.36,88.21
money,15.48,18.29
bitbtc,15.64,26.06
fluttercoin,15.73,40.59
coss,15.79,58.6
artbyte,15.81,27.87
hubii-network,15.87,-4.47
bestchain,15.93,6.11
royalcoin,15.97,36.16
hodlcoin,15.97,-16.17
populous,16.05,48.46
aces,16.3,59.12
blockpool,16.44,27.1
orbitcoin,16.52,20.16
boscoin,16.57,26.84
mineum,16.77,81.33
vechain,17.02,124.1
metalcoin,17.05,32.01
zetamicron,17.12,134.88
bitcoin-unlimited,17.22,-16.62
achain,17.23,31.61
b3coin,17.28,-62.41
ea-coin,17.36,-5.61
orlycoin,17.41,28.17
pandacoin-pnd,17.46,35.71
peacecoin,17.61,145.43
parallelcoin,17.76,1.39
piecoin,17.82,140.52
ixcoin,18.0,38.71
veritaseum,18.03,37.52
counterparty,18.03,16.33
vip-tokens,18.06,18.13
rhfcoin,18.12,24.39
todaycoin,18.12,6.76
chaincoin,18.21,54.8
mutual-coin,18.25,113.18
poet,18.52,19.36
gpu-coin,18.99,17.66
capricoin,19.1,41.12
cryptocarbon,19.25,26.72
fujicoin,19.42,27.15
unobtanium,19.43,25.77
insanecoin-insn,19.62,29.04
pascal-lite,19.79,3.15
vivo,19.96,13.58
scorecoin,20.04,4.51
goldunioncoin,20.29,-42.37
zcoin,20.4,11.6
amsterdamcoin,20.4,-14.3
ethereum-gold,20.42,19.64
wa-space,20.58,18.07
playercoin,20.68,53.25
protean,20.87,14.0
social,21.04,-2.43
revain,21.13,39.03
virta-unique-coin,21.15,28.32
marxcoin,21.17,23.6
raiblocks,21.19,108.56
aquariuscoin,21.31,12.82
paycoin2,21.36,-17.77
hellogold,21.52,139.55
phore,21.53,-11.82
phoenixcoin,21.55,-5.96
coinonat,21.56,-11.19
ammo-rewards,21.62,56.65
kobocoin,21.68,20.2
zephyr,21.75,8.39
mindcoin,21.87,50.31
digitalcoin,21.99,26.54
bytecent,22.03,38.81
dollar-online,22.19,4.16
sixeleven,22.4,21.82
rchain,22.41,85.89
digitalprice,23.0,82.22
dalecoin,23.03,55.14
honey,23.13,28.1
donationcoin,23.68,-7.14
project-x,23.99,-1.08
fimkrypto,23.99,235.98
yacoin,24.03,30.52
fuzzballs,24.16,34.21
spankchain,24.29,46.91
kittehcoin,24.48,47.68
infchain,24.76,74.15
decentraland,25.1,42.4
bios-crypto,25.17,23.73
santiment,25.24,163.78
spacecoin,25.45,43.39
adelphoi,25.5,10.48
monero,25.65,41.23
authorship,25.66,67.72
morningstar-payments,25.77,45.9
alqo,25.79,135.8
bowscoin,26.15,38.97
eryllium,26.33,64.73
namecoin,26.47,16.5
cypher,26.54,63.69
fapcoin,26.66,4.95
dubaicoin-dbix,27.13,21.6
808coin,27.29,-51.14
viuly,27.46,152.28
happy-creator-coin,27.53,76.16
useless-ethereum-token,27.6,32.2
minex,28.21,-70.39
zurcoin,28.3,110.57
international-diamond,28.65,6.66
hodl-bucks,28.72,-10.76
sand-coin,28.85,19.03
ulatech,29.06,-64.39
atomic-coin,29.2,52.4
embers,29.28,16.97
ur,29.28,39.82
pizzacoin,29.33,26.5
luckchain,29.43,0.88
whitecoin,29.44,133.56
alis,29.54,30.71
eos,29.56,69.66
intensecoin,29.7,43.56
colossuscoinxt,29.76,3.14
first-bitcoin-capital,30.22,58.65
monster-byte,30.46,77.93
9coin,30.47,13.28
globaltoken,30.61,24.53
prismchain,30.84,56.59
independent-money-system,31.18,61.48
chainlink,31.29,79.22
bitmark,31.31,46.36
heat-ledger,31.76,25.95
letitride,31.86,28.57
ultimate-secure-cash,32.05,27.68
boostcoin,32.51,12.89
nav-coin,32.6,60.99
bigup,32.68,44.01
flaxscript,32.83,11.4
remicoin,33.23,-28.35
mao-zedong,33.66,43.19
riecoin,33.74,14.99
steem-dollars,34.38,104.44
eidoo,34.64,30.64
geysercoin,35.25,218.9
ethereum-movie-venture,35.31,96.79
footy-cash,35.87,-5.48
hyper-tv,36.07,-59.64
bytom,36.11,40.65
pepe-cash,36.18,89.62
link-platform,36.29,94.74
mustangcoin,36.44,42.37
songcoin,36.66,-11.77
ebitcoin-cash,37.27,-22.99
vsync-vsx,37.42,62.91
deeponion,37.6,121.01
masternodecoin,37.63,51.23
pura,37.75,42.46
goldblocks,37.94,35.79
gimli,38.1,-37.92
interzone,38.49,13.45
kushcoin,38.71,43.84
vslice,38.72,26.3
bitvolt,38.77,6.66
rawcoin2,38.78,65.45
ibtc,39.24,-27.21
version,39.4,46.36
stellar,39.48,51.09
photon,39.97,132.59
ibank,40.33,56.32
condensate,40.6,-5.24
natcoin,40.78,-45.61
real-estate-tokens,41.09,-17.05
ride-my-car,41.7,134.88
guccionecoin,41.75,53.08
opal,41.8,63.87
kayicoin,41.9,3.69
mybit-token,42.57,-22.9
postoken,42.63,228.87
high-gain,43.61,11.22
skeincoin,43.69,278.8
rupaya-old,44.66,-8.77
geertcoin,45.28,37.48
creatio,46.26,36.84
solaris,46.36,49.46
veros,46.83,395.53
gobyte,48.01,100.04
lepen,49.48,17.9
bitcoal,49.92,50.0
nvo,50.25,-1.36
coindash,51.38,81.47
inflationcoin,52.12,165.15
darklisk,52.62,81.69
president-trump,52.72,25.27
blakecoin,53.03,113.87
caliphcoin,53.88,67.27
aventus,53.94,52.22
securecoin,54.27,94.84
biblepay,54.48,127.95
noblecoin,54.49,59.01
pakcoin,54.73,62.49
hexx,54.84,69.85
bitcoin2x,56.64,-41.11
virtualcoin,57.45,31.95
ethereumcash,58.26,346.87
earthcoin,58.32,55.28
xaucoin,59.06,47.9
streamr-datacoin,59.24,38.07
india-coin,59.41,76.23
digital-credits,59.46,76.23
cryptoescudo,59.46,17.49
tekcoin,60.21,71.95
darsek,61.11,21.95
newyorkcoin,62.05,252.88
halcyon,62.33,80.45
huncoin,64.24,65.86
coin,64.25,36.09
mavro,64.51,140.97
francs,65.39,24.26
argus,66.38,66.58
einsteinium,66.46,229.46
altcommunity-coin,69.11,16.84
sync,70.1,12.79
wi-coin,71.59,76.47
bitcoin-planet,72.7,122.5
rupaya,73.36,5.39
monacocoin,73.64,66.87
shilling,75.13,86.73
joincoin,75.41,9.8
safe-exchange-coin,78.58,185.76
jinn,78.76,60.13
xtrabytes,78.92,118.41
dimecoin,79.08,56.64
anoncoin,81.13,122.7
gapcoin,82.06,41.72
iota,83.35,255.82
tradecoin-v2,83.63,37.96
ronpaulcoin,85.09,70.31
global-currency-reserve,88.88,197.22
printerium,89.62,81.39
ebit,90.93,525.73
cryptcoin,91.43,113.58
fireflycoin,91.56,83.74
motocoin,92.82,126.54
sakuracoin,98.13,50.94
aerium,98.25,-52.0
neuro,99.26,150.34
monacoin,109.98,251.44
javascript-token,110.41,278.07
impact,112.55,-14.65
fuelcoin,112.59,143.75
save-and-gain,112.59,13.79
thecreed,112.62,58.47
futurexe,114.71,-62.62
yoyow,119.59,547.12
ganjacoin,123.68,126.67
idice,124.37,67.72
bowhead,128.07,72.88
fazzcoin,142.19,76.33
iconic,160.02,127.64
newbium,163.02,206.07
bolivarcoin,199.26,273.54
10mtoken,200.74,-17.2
advanced-internet-blocks,203.95,244.08
britcoin,223.31,272.18
coexistcoin,230.87,142.78
coimatic-2,244.26,132.24
comet,252.07,560.46
asiacoin,267.2,521.47
eaglecoin,272.5,114.73
beatcoin,295.49,132.79
bitzeny,416.04,3360.71
cashcoin,457.86,374.3
fedoracoin,833.01,92.1
